epoch,steps,cosine-Accuracy@1,cosine-Accuracy@3,cosine-Accuracy@5,cosine-Accuracy@10,cosine-Precision@1,cosine-Recall@1,cosine-Precision@3,cosine-Recall@3,cosine-Precision@5,cosine-Recall@5,cosine-Precision@10,cosine-Recall@10,cosine-MRR@10,cosine-NDCG@10,cosine-MAP@100
-1,-1,0.7272727272727273,0.7922077922077922,0.8181818181818182,0.8571428571428571,0.7272727272727273,0.7272727272727273,0.26406926406926395,0.7922077922077922,0.16363636363636355,0.8181818181818182,0.08571428571428569,0.8571428571428571,0.7685219542362399,0.7896819670973839,0.7709606937369381
1.0,9,0.7142857142857143,0.7922077922077922,0.8181818181818182,0.8571428571428571,0.7142857142857143,0.7142857142857143,0.26406926406926395,0.7922077922077922,0.16363636363636355,0.8181818181818182,0.08571428571428569,0.8571428571428571,0.762079983508555,0.7849334389025437,0.7645425363535279
2.0,18,0.7272727272727273,0.7922077922077922,0.8181818181818182,0.8571428571428571,0.7272727272727273,0.7272727272727273,0.26406926406926395,0.7922077922077922,0.16363636363636355,0.8181818181818182,0.08571428571428569,0.8571428571428571,0.7690630797773655,0.7902110880106604,0.7721403931566546
3.0,27,0.7272727272727273,0.8051948051948052,0.8311688311688312,0.8701298701298701,0.7272727272727273,0.7272727272727273,0.2683982683982683,0.8051948051948052,0.16623376623376618,0.8311688311688312,0.08701298701298699,0.8701298701298701,0.7725108225108225,0.7959033970056415,0.7771409847588931
